code,system
A3By.00,readv2
H22..11,readv2
H22y.00,readv2
H22..00,readv2
H22z.00,readv2
Hyu0A00,readv2
H22yz00,readv2
H22..11,readv2
H22..00,readv2
H22z.00,readv2
H22yz00,readv2
Hyu0A00,readv2
A3By.00,readv2
H22y.00,readv2
J15,readv2
J15,readv2
H571.00,readv2
H571.00,readv2
H240.00,readv2
H240.99,readv2
H240.99,readv2
H240.00,readv2
H262.00,readv2
H262.00,readv2
H2B..00,readv2
H2B..00,readv2
H2?00,readv2
H270000,readv2
H2z..00,readv2
H270.11,readv2
H2y..00,readv2
H270.99,readv2
H270.00,readv2
H270z00,readv2
H270z00,readv2
H270.99,readv2
H270.11,readv2
H2y..00,readv2
H270.00,readv2
H2z..00,readv2
H2?00,readv2
H270000,readv2
H260.00,readv2
H21..00,readv2
H21..99,readv2
H21..00,readv2
H260.00,readv2
H21..99,readv2
H263.00,readv2
H263.00,readv2
H222.00,readv2
H222.11,readv2
H222.00,readv2
H222.11,readv2
J14,readv2
J14,readv2
AyuK900,readv2
A3BXA00,readv2
AyuK900,readv2
A3BXA00,readv2
H232.00,readv2
H232.00,readv2
H270100,readv2
H201.00,readv2
H202.00,readv2
H200.00,readv2
H200.00,readv2
H270100,readv2
H202.00,readv2
H201.00,readv2
J10.0,readv2
J11.0,readv2
J11.0,readv2
J10.0,readv2
H23z.00,readv2
H23..00,readv2
Hyu0H00,readv2
H26..00,readv2
H25..00,readv2
H25..00,readv2
H23..00,readv2
H23z.00,readv2
H26..00,readv2
Hyu0H00,readv2
J18,readv2
J18,readv2
A116.00,readv2
A116.00,readv2
H28..00,readv2
H28..00,readv2
H20z.00,readv2
H20y.00,readv2
H20..00,readv2
Hyu0800,readv2
H20..00,readv2
H20y.00,readv2
Hyu0800,readv2
H20z.00,readv2
H22y000,readv2
H22y011,readv2
H22y000,readv2
H22y011,readv2
H22yx00,readv2
H22yx00,readv2
H23..11,readv2
H20..11,readv2
H26..11,readv2
H25..11,readv2
H24z.00,readv2
H24..00,readv2
H24yz00,readv2
H24y.00,readv2
Hyu0B00,readv2
H24z.00,readv2
H26..11,readv2
Hyu0B00,readv2
H23..11,readv2
H24..00,readv2
H20..11,readv2
H24yz00,readv2
H25..11,readv2
H24y.00,readv2
H25..99,readv2
H25..99,readv2
A521.00,readv2
H24y700,readv2
A521.00,readv2
H24y700,readv2
B01.2+,readv2
B01.2+,readv2
H223000,readv2
H223000,readv2
H231.00,readv2
H231.99,readv2
H231.00,readv2
H231.99,readv2
H233.00,readv2
H233.00,readv2
H2C..00,readv2
H2C..00,readv2
A54x400,readv2
A54x400,readv2
H261.00,readv2
H261.00,readv2
A022200,readv2
A022200,readv2
H221.00,readv2
H221.00,readv2
H22y200,readv2
H22y200,readv2
4JUK.00,readv2
4JUK.00,readv2
H2z..98,readv2
H2z..98,readv2
H243.00,readv2
H243.99,readv2
H243.99,readv2
H243.00,readv2
H24y000,readv2
H24y000,readv2
H22y100,readv2
H22y100,readv2
H220.00,readv2
H220.00,readv2
AyuKA00,readv2
A3BXB00,readv2
A3BXB00,readv2
AyuKA00,readv2
H24y200,readv2
H24y200,readv2
H56y100,readv2
H56y100,readv2
H224.00,readv2
H224.00,readv2
H530300,readv2
H530300,readv2
H260000,readv2
H260000,readv2
H21..11,readv2
H21..11,readv2
H246.00,readv2
H246.00,readv2
A551.00,readv2
A551.00,readv2
H223.00,readv2
H223.00,readv2
J13,readv2
J13,readv2
H243.11,readv2
H243.11,readv2
2523007,readv2
233609002,readv2
301003007,readv2
195900001,readv2
205237003,readv2
195886008,readv2
440990006,readv2
425996009,readv2
195878008,readv2
425464007,readv2
540151000000108,readv2
689401000000108,readv2
195881003,readv2
59475000,readv2
195896004,readv2
301001009,readv2
34020007,readv2
9861002,readv2
426696003,readv2
70036007,readv2
191727003,readv2
40733004,readv2
278516003,readv2
301004001,readv2
406595002,readv2
1033111000000104,readv2
80003002,readv2
301002002,readv2
111900000,readv2
233624006,readv2
233606009,readv2
195888009,readv2
266350000,readv2
46970008,readv2
41269000,readv2
41381004,readv2
300999006,readv2
196112005,readv2
53084003,readv2
95436008,readv2
415125002,readv2
22754005,readv2
64479007,readv2
195889001,readv2
385093006,readv2
195911009,readv2
301000005,readv2
75570004,readv2
64667001,readv2
87628006,readv2
64917006,readv2
312342009,readv2
314978007,readv2
396285007,readv2
51530003,readv2
195908008,readv2
41207000,readv2
7548000,readv2
195900001,readv2
41381004,readv2
300999006,readv2
312342009,readv2
301000005,readv2
2523007,readv2
301004001,readv2
540151000000108,readv2
195886008,readv2
40733004,readv2
233609002,readv2
314978007,readv2
64479007,readv2
70036007,readv2
406595002,readv2
59475000,readv2
64917006,readv2
75570004,readv2
195911009,readv2
41269000,readv2
41207000,readv2
64667001,readv2
233606009,readv2
22754005,readv2
9861002,readv2
266350000,readv2
301003007,readv2
415125002,readv2
7548000,readv2
46970008,readv2
191727003,readv2
426696003,readv2
111900000,readv2
51530003,readv2
195888009,readv2
195881003,readv2
80003002,readv2
440990006,readv2
195896004,readv2
301001009,readv2
689401000000108,readv2
195908008,readv2
233624006,readv2
1033111000000104,readv2
425464007,readv2
385093006,readv2
196112005,readv2
425996009,readv2
53084003,readv2
87628006,readv2
301002002,readv2
396285007,readv2
278516003,readv2
95436008,readv2
34020007,readv2
205237003,readv2
195889001,readv2
195878008,readv2
CA40,readv2
J16,readv2
J12,readv2
J17,readv2
J17,readv2
J12,readv2
J16,readv2